,County,Registered Voters,Ballots Cast,A_Total _Votes,R_Total_Votes,AR_Total,Share_vote,A_share,R_share,cbg,Median Age,Male Median Age,Female Median Age,White,Black,Indian and Alaska,Asian,Pacific,Other,Two races,Two or more,Total educated number,Less than 9th,9th to 12th,High schoo,College no degree,Associate,Bachelor,Graduate,Median household income
0,2001,9,81,23,17,40,0.49382716049382713,0.2839506172839506,0.20987654320987653,60855117071,55.3,46.4,65.5,976.0,10.0,4.0,482.0,0.0,14.0,116.0,123.0,1611.0,15.0,9.0,227.0,139.0,35.0,523.0,663.0,127778.0
1,2002,2731,2410,1590,574,2164,0.8979253112033195,0.6597510373443983,0.23817427385892115,60855116091,38.4,35.6,42.3,1870.0,111.0,0.0,1058.0,4.0,83.0,325.0,355.0,1775.0,16.0,5.0,56.0,219.0,39.0,548.0,892.0,132118.0
2,2005,1751,1588,1077,364,1441,0.9074307304785895,0.6782115869017632,0.22921914357682618,60855115003,,,,,,,,,,,,,,,,,,,,
3,2006,81,73,44,17,61,0.8356164383561644,0.6027397260273972,0.2328767123287671,60855094012,32.5,32.6,32.3,348.0,7.0,1.0,333.0,3.0,31.0,94.0,98.0,563.0,0.0,21.0,5.0,102.0,63.0,187.0,185.0,189464.0
4,2009,4365,3794,2402,1025,3427,0.9032683183974697,0.6331049024775962,0.2701634159198735,60855115002,,,,,,,,,,,,,,,,,,,,
5,2013,3559,3164,2046,840,2886,0.9121365360303414,0.6466498103666245,0.26548672566371684,60855093021,43.1,43.3,42.8,1003.0,29.0,2.0,368.0,3.0,61.0,178.0,184.0,901.0,0.0,73.0,17.0,79.0,73.0,274.0,385.0,190694.0
6,2013,3559,3164,2046,840,2886,0.9121365360303414,0.6466498103666245,0.26548672566371684,60855094041,38.8,38.6,39.0,595.0,17.0,5.0,967.0,2.0,24.0,126.0,135.0,878.0,2.0,34.0,10.0,128.0,0.0,258.0,446.0,240192.0
7,2014,3297,2876,1670,848,2518,0.8755215577190543,0.5806675938803895,0.2948539638386648,60855117012,47.7,53.1,43.5,1165.0,4.0,1.0,574.0,3.0,23.0,133.0,137.0,1458.0,0.0,11.0,170.0,98.0,74.0,553.0,552.0,250000.0
8,2014,3297,2876,1670,848,2518,0.8755215577190543,0.5806675938803895,0.2948539638386648,60855117013,48.5,48.7,48.1,525.0,1.0,2.0,396.0,2.0,13.0,80.0,84.0,702.0,0.0,27.0,17.0,39.0,8.0,256.0,355.0,250000.0
9,2018,142,118,60,40,100,0.847457627118644,0.5084745762711864,0.3389830508474576,60855093021,43.1,43.3,42.8,1003.0,29.0,2.0,368.0,3.0,61.0,178.0,184.0,901.0,0.0,73.0,17.0,79.0,73.0,274.0,385.0,190694.0
10,2025,4073,3621,2317,946,3263,0.9011322838994753,0.63987848660591,0.2612537972935653,60855108031,41.4,38.5,41.8,589.0,13.0,0.0,612.0,0.0,25.0,78.0,89.0,1026.0,9.0,47.0,171.0,199.0,16.0,286.0,298.0,231625.0
11,2025,4073,3621,2317,946,3263,0.9011322838994753,0.63987848660591,0.2612537972935653,60855108032,41.8,44.5,39.1,561.0,30.0,2.0,710.0,5.0,32.0,105.0,113.0,795.0,0.0,39.0,74.0,15.0,40.0,205.0,422.0,143810.0
12,2043,3095,2814,1862,715,2577,0.9157782515991472,0.6616915422885572,0.2540867093105899,60855114004,49.0,51.3,47.5,687.0,12.0,0.0,343.0,6.0,12.0,86.0,92.0,647.0,0.0,0.0,0.0,52.0,22.0,246.0,327.0,250000.0
13,2046,4236,3751,2534,858,3392,0.9042921887496668,0.6755531858171154,0.2287390029325513,60855114001,41.6,41.7,41.2,382.0,8.0,0.0,219.0,1.0,17.0,84.0,89.0,686.0,0.0,12.0,29.0,34.0,0.0,141.0,470.0,250000.0
14,2046,4236,3751,2534,858,3392,0.9042921887496668,0.6755531858171154,0.2287390029325513,60855114002,52.7,53.7,52.0,642.0,11.0,5.0,327.0,4.0,25.0,95.0,101.0,616.0,0.0,18.0,19.0,17.0,36.0,231.0,295.0,250000.0
15,2046,4236,3751,2534,858,3392,0.9042921887496668,0.6755531858171154,0.2287390029325513,60855114003,49.0,49.4,46.7,452.0,0.0,0.0,148.0,0.0,5.0,57.0,61.0,444.0,0.0,18.0,28.0,9.0,9.0,130.0,250.0,250000.0
19,2057,3967,3510,2372,835,3207,0.9136752136752136,0.6757834757834758,0.2378917378917379,60855113021,68.8,61.6,73.2,798.0,23.0,0.0,467.0,2.0,24.0,94.0,103.0,1062.0,67.0,40.0,179.0,109.0,23.0,301.0,343.0,37823.0
20,2057,3967,3510,2372,835,3207,0.9136752136752136,0.6757834757834758,0.2378917378917379,60855113022,34.9,37.3,28.8,402.0,16.0,0.0,229.0,0.0,20.0,56.0,62.0,554.0,0.0,0.0,0.0,31.0,6.0,211.0,306.0,112226.0
21,2057,3967,3510,2372,835,3207,0.9136752136752136,0.6757834757834758,0.2378917378917379,60855113023,33.5,33.0,34.0,527.0,4.0,1.0,136.0,2.0,13.0,51.0,59.0,716.0,7.0,0.0,2.0,63.0,37.0,257.0,350.0,143824.0
22,2068,3755,3394,2242,849,3091,0.9107248084855628,0.6605774896876841,0.2501473187978786,60855112001,43.9,35.9,50.4,967.0,17.0,3.0,327.0,13.0,23.0,136.0,149.0,1057.0,0.0,6.0,12.0,140.0,21.0,206.0,672.0,250000.0
23,2068,3755,3394,2242,849,3091,0.9107248084855628,0.6605774896876841,0.2501473187978786,60855112002,39.1,23.6,39.6,881.0,18.0,2.0,359.0,7.0,18.0,117.0,122.0,870.0,0.0,6.0,68.0,34.0,15.0,192.0,555.0,248958.0
24,2098,4126,3618,2240,999,3239,0.8952459922609176,0.619126589275843,0.27611940298507465,60855110002,41.7,49.5,34.4,578.0,29.0,1.0,563.0,4.0,34.0,158.0,164.0,830.0,0.0,0.0,31.0,256.0,62.0,222.0,259.0,161658.0
25,2098,4126,3618,2240,999,3239,0.8952459922609176,0.619126589275843,0.27611940298507465,60855110005,43.5,43.1,47.5,802.0,30.0,4.0,664.0,0.0,23.0,142.0,153.0,718.0,31.0,0.0,28.0,88.0,0.0,218.0,353.0,232500.0
26,2108,3462,3105,2086,755,2841,0.914975845410628,0.6718196457326893,0.2431561996779388,60855117051,49.8,44.5,56.8,947.0,62.0,8.0,435.0,9.0,82.0,160.0,173.0,1216.0,14.0,54.0,151.0,111.0,17.0,236.0,633.0,250000.0
27,2125,366,334,210,81,291,0.8712574850299402,0.6287425149700598,0.24251497005988024,60855094012,32.5,32.6,32.3,348.0,7.0,1.0,333.0,3.0,31.0,94.0,98.0,563.0,0.0,21.0,5.0,102.0,63.0,187.0,185.0,189464.0
28,2274,276,247,124,82,206,0.8340080971659919,0.5020242914979757,0.3319838056680162,60855117043,51.0,51.4,50.8,1062.0,5.0,2.0,629.0,3.0,19.0,124.0,129.0,1248.0,0.0,10.0,67.0,120.0,22.0,281.0,748.0,250000.0
29,2275,1173,1086,587,341,928,0.85451197053407,0.5405156537753223,0.3139963167587477,60855117043,51.0,51.4,50.8,1062.0,5.0,2.0,629.0,3.0,19.0,124.0,129.0,1248.0,0.0,10.0,67.0,120.0,22.0,281.0,748.0,250000.0
30,2275,1173,1086,587,341,928,0.85451197053407,0.5405156537753223,0.3139963167587477,60855117071,55.3,46.4,65.5,976.0,10.0,4.0,482.0,0.0,14.0,116.0,123.0,1611.0,15.0,9.0,227.0,139.0,35.0,523.0,663.0,127778.0
31,2278,1128,1014,574,306,880,0.8678500986193294,0.5660749506903353,0.30177514792899407,60855117012,47.7,53.1,43.5,1165.0,4.0,1.0,574.0,3.0,23.0,133.0,137.0,1458.0,0.0,11.0,170.0,98.0,74.0,553.0,552.0,250000.0
32,2281,6,5,0,5,5,1.0,0.0,1.0,60855117042,56.0,56.9,53.5,358.0,3.0,0.0,301.0,3.0,4.0,67.0,69.0,530.0,12.0,0.0,0.0,37.0,10.0,94.0,377.0,250000.0
33,2282,1413,1273,726,402,1128,0.8860958366064414,0.5703063629222309,0.3157894736842105,60855117042,56.0,56.9,53.5,358.0,3.0,0.0,301.0,3.0,4.0,67.0,69.0,530.0,12.0,0.0,0.0,37.0,10.0,94.0,377.0,250000.0
34,2282,1413,1273,726,402,1128,0.8860958366064414,0.5703063629222309,0.3157894736842105,60855117051,49.8,44.5,56.8,947.0,62.0,8.0,435.0,9.0,82.0,160.0,173.0,1216.0,14.0,54.0,151.0,111.0,17.0,236.0,633.0,250000.0
35,2285,2532,2313,1291,772,2063,0.8919152615650671,0.558149589277994,0.33376567228707305,60855117041,57.1,59.1,56.6,1170.0,5.0,3.0,739.0,10.0,33.0,150.0,155.0,1633.0,0.0,28.0,12.0,86.0,37.0,400.0,1070.0,250000.0
36,2285,2532,2313,1291,772,2063,0.8919152615650671,0.558149589277994,0.33376567228707305,60855117043,51.0,51.4,50.8,1062.0,5.0,2.0,629.0,3.0,19.0,124.0,129.0,1248.0,0.0,10.0,67.0,120.0,22.0,281.0,748.0,250000.0
37,2301,3636,3261,1957,945,2902,0.8899110702238577,0.6001226617601962,0.28978840846366144,60855105001,43.6,43.4,43.8,687.0,3.0,0.0,549.0,0.0,23.0,113.0,117.0,618.0,0.0,0.0,28.0,56.0,8.0,265.0,261.0,250000.0
38,2301,3636,3261,1957,945,2902,0.8899110702238577,0.6001226617601962,0.28978840846366144,60855105002,57.7,57.6,58.1,1238.0,22.0,5.0,489.0,2.0,20.0,153.0,164.0,1034.0,17.0,7.0,110.0,125.0,36.0,290.0,449.0,221818.0
39,2305,4846,4372,2706,1234,3940,0.9011893870082343,0.6189387008234217,0.2822506861848124,60855104001,36.8,36.7,37.0,812.0,24.0,2.0,813.0,1.0,33.0,189.0,195.0,1394.0,0.0,0.0,214.0,92.0,89.0,402.0,597.0,250000.0
40,2305,4846,4372,2706,1234,3940,0.9011893870082343,0.6189387008234217,0.2822506861848124,60855098011,36.0,33.5,39.5,925.0,22.0,19.0,598.0,1.0,246.0,185.0,192.0,957.0,0.0,31.0,98.0,84.0,55.0,306.0,383.0,122813.0
41,2305,4846,4372,2706,1234,3940,0.9011893870082343,0.6189387008234217,0.2822506861848124,60855098012,39.0,31.7,42.9,554.0,22.0,3.0,238.0,6.0,33.0,123.0,134.0,828.0,24.0,9.0,135.0,111.0,23.0,253.0,273.0,100000.0
42,2309,1231,1127,676,332,1008,0.8944099378881988,0.5998225377107365,0.29458740017746227,60855105003,49.2,49.5,49.1,1141.0,1.0,1.0,741.0,0.0,15.0,138.0,153.0,1266.0,0.0,36.0,16.0,83.0,27.0,406.0,698.0,250000.0
43,2314,2828,2591,1481,851,2332,0.9000385951370128,0.571593979158626,0.3284446159783867,60855102001,49.4,49.5,49.4,993.0,13.0,0.0,596.0,1.0,28.0,157.0,173.0,1125.0,13.0,14.0,93.0,158.0,88.0,341.0,418.0,240750.0
44,2317,2707,2469,1456,738,2194,0.888618874038072,0.5897124341838801,0.29890643985419196,60855100023,51.7,53.9,50.3,613.0,5.0,2.0,401.0,1.0,14.0,92.0,106.0,813.0,16.0,3.0,35.0,112.0,19.0,174.0,454.0,186103.0
45,2330,4245,3888,2284,1229,3513,0.9035493827160493,0.5874485596707819,0.3161008230452675,60855100015,54.0,44.9,55.7,533.0,1.0,0.0,290.0,0.0,2.0,74.0,74.0,431.0,0.0,0.0,28.0,51.0,88.0,88.0,176.0,236250.0
46,2330,4245,3888,2284,1229,3513,0.9035493827160493,0.5874485596707819,0.3161008230452675,60855100016,52.2,46.7,52.9,399.0,1.0,0.0,306.0,0.0,8.0,57.0,57.0,630.0,0.0,0.0,16.0,114.0,0.0,213.0,287.0,250000.0
47,2338,167,147,73,50,123,0.8367346938775511,0.4965986394557823,0.3401360544217687,60855078052,42.2,38.2,44.8,198.0,9.0,0.0,828.0,0.0,24.0,77.0,84.0,475.0,5.0,7.0,20.0,43.0,24.0,226.0,150.0,178977.0
48,2351,2398,2194,1282,698,1980,0.902461257976299,0.5843208751139471,0.31814038286235186,60855101001,51.1,54.2,47.1,827.0,14.0,5.0,536.0,4.0,22.0,124.0,130.0,1073.0,0.0,0.0,69.0,196.0,26.0,277.0,505.0,205938.0
49,2353,43,35,14,15,29,0.8285714285714286,0.4,0.42857142857142855,60855077031,,,,,,,,,,,,,,,,,,,,
50,2539,258,147,95,36,131,0.891156462585034,0.6462585034013606,0.24489795918367346,60855117071,55.3,46.4,65.5,976.0,10.0,4.0,482.0,0.0,14.0,116.0,123.0,1611.0,15.0,9.0,227.0,139.0,35.0,523.0,663.0,127778.0
51,2542,2081,1541,953,435,1388,0.9007138221933809,0.618429591174562,0.28228423101881894,60855130001,22.4,21.8,22.7,865.0,110.0,1.0,395.0,24.0,68.0,186.0,193.0,795.0,0.0,0.0,162.0,223.0,24.0,341.0,45.0,
52,2545,2367,1975,1489,360,1849,0.9362025316455697,0.7539240506329113,0.18227848101265823,60855115004,,,,,,,,,,,,,,,,,,,,
53,2721,1433,1290,607,473,1080,0.8372093023255814,0.47054263565891474,0.36666666666666664,60855069003,53.6,53.4,53.9,1446.0,9.0,3.0,416.0,1.0,45.0,197.0,211.0,1447.0,0.0,20.0,99.0,219.0,88.0,601.0,420.0,200602.0
54,2723,3283,2971,1539,1035,2574,0.866374957926624,0.5180074049141703,0.3483675530124537,60855068014,45.4,46.5,45.1,530.0,5.0,3.0,203.0,0.0,10.0,71.0,78.0,569.0,7.0,13.0,38.0,29.0,39.0,284.0,159.0,236979.0
55,2723,3283,2971,1539,1035,2574,0.866374957926624,0.5180074049141703,0.3483675530124537,60855069004,48.6,37.8,50.6,1968.0,0.0,1.0,303.0,1.0,23.0,176.0,181.0,1743.0,0.0,37.0,308.0,152.0,115.0,503.0,628.0,172250.0
56,2723,3283,2971,1539,1035,2574,0.866374957926624,0.5180074049141703,0.3483675530124537,60855069003,53.6,53.4,53.9,1446.0,9.0,3.0,416.0,1.0,45.0,197.0,211.0,1447.0,0.0,20.0,99.0,219.0,88.0,601.0,420.0,200602.0
57,2724,2596,2330,1173,818,1991,0.8545064377682403,0.5034334763948498,0.35107296137339056,60855072031,39.4,36.8,41.2,843.0,6.0,6.0,329.0,0.0,73.0,167.0,172.0,1013.0,5.0,6.0,93.0,149.0,94.0,385.0,281.0,166250.0
58,2725,2504,2218,1131,738,1869,0.8426510369702435,0.5099188458070334,0.3327321911632101,60855072061,51.2,48.6,53.5,997.0,13.0,8.0,370.0,0.0,19.0,157.0,166.0,1066.0,0.0,17.0,81.0,180.0,55.0,391.0,342.0,250000.0
59,2726,1642,1431,692,521,1213,0.8476589797344515,0.4835779175401817,0.3640810621942697,60855072031,39.4,36.8,41.2,843.0,6.0,6.0,329.0,0.0,73.0,167.0,172.0,1013.0,5.0,6.0,93.0,149.0,94.0,385.0,281.0,166250.0
60,2727,1809,1667,847,583,1430,0.8578284343131374,0.5080983803239352,0.34973005398920215,60855069003,53.6,53.4,53.9,1446.0,9.0,3.0,416.0,1.0,45.0,197.0,211.0,1447.0,0.0,20.0,99.0,219.0,88.0,601.0,420.0,200602.0
61,2729,1933,1767,967,573,1540,0.8715336728919072,0.5472552348613469,0.3242784380305603,60855070012,,,,,,,,,,,,,,,,,,,,
62,2729,1933,1767,967,573,1540,0.8715336728919072,0.5472552348613469,0.3242784380305603,60855070022,56.0,63.1,49.8,832.0,3.0,2.0,127.0,0.0,23.0,94.0,108.0,1086.0,0.0,6.0,59.0,71.0,26.0,420.0,504.0,250000.0
63,2734,2730,2374,1231,809,2040,0.8593091828138163,0.5185341196293176,0.34077506318449874,60855070012,,,,,,,,,,,,,,,,,,,,
64,2734,2730,2374,1231,809,2040,0.8593091828138163,0.5185341196293176,0.34077506318449874,60855070011,,,,,,,,,,,,,,,,,,,,
65,2740,3015,2659,1350,956,2306,0.8672433245581046,0.5077096652877021,0.35953365927040243,60855072053,42.9,41.6,46.8,1011.0,4.0,3.0,367.0,0.0,63.0,165.0,176.0,840.0,22.0,14.0,108.0,112.0,61.0,236.0,287.0,140227.0
66,2740,3015,2659,1350,956,2306,0.8672433245581046,0.5077096652877021,0.35953365927040243,60855072051,42.8,38.5,45.2,394.0,10.0,0.0,193.0,4.0,20.0,68.0,72.0,377.0,0.0,2.0,62.0,46.0,41.0,117.0,109.0,181875.0
67,2751,25,17,7,9,16,0.9411764705882353,0.4117647058823529,0.5294117647058824,60855068012,53.6,54.0,53.5,996.0,27.0,8.0,427.0,4.0,43.0,197.0,212.0,1086.0,59.0,44.0,72.0,306.0,32.0,234.0,339.0,102353.0
68,2761,4,4,0,4,4,1.0,0.0,1.0,60855070012,,,,,,,,,,,,,,,,,,,,
69,2802,2580,2375,1314,769,2083,0.8770526315789474,0.5532631578947368,0.3237894736842105,60855117021,48.0,48.8,47.3,1250.0,10.0,1.0,655.0,4.0,30.0,155.0,161.0,1166.0,5.0,0.0,58.0,73.0,0.0,461.0,569.0,250000.0
70,2808,107,86,39,40,79,0.9186046511627907,0.45348837209302323,0.46511627906976744,60855117071,55.3,46.4,65.5,976.0,10.0,4.0,482.0,0.0,14.0,116.0,123.0,1611.0,15.0,9.0,227.0,139.0,35.0,523.0,663.0,127778.0
71,2810,24,21,13,8,21,1.0,0.6190476190476191,0.38095238095238093,60855117071,55.3,46.4,65.5,976.0,10.0,4.0,482.0,0.0,14.0,116.0,123.0,1611.0,15.0,9.0,227.0,139.0,35.0,523.0,663.0,127778.0
72,2811,37,36,16,13,29,0.8055555555555556,0.4444444444444444,0.3611111111111111,60855117071,55.3,46.4,65.5,976.0,10.0,4.0,482.0,0.0,14.0,116.0,123.0,1611.0,15.0,9.0,227.0,139.0,35.0,523.0,663.0,127778.0
73,2812,303,269,143,85,228,0.8475836431226765,0.5315985130111525,0.3159851301115242,60855077032,,,,,,,,,,,,,,,,,,,,
74,2813,255,237,122,73,195,0.8227848101265823,0.5147679324894515,0.3080168776371308,60855117071,55.3,46.4,65.5,976.0,10.0,4.0,482.0,0.0,14.0,116.0,123.0,1611.0,15.0,9.0,227.0,139.0,35.0,523.0,663.0,127778.0
75,2816,25,23,12,8,20,0.8695652173913043,0.5217391304347826,0.34782608695652173,60855117071,55.3,46.4,65.5,976.0,10.0,4.0,482.0,0.0,14.0,116.0,123.0,1611.0,15.0,9.0,227.0,139.0,35.0,523.0,663.0,127778.0
76,2951,323,277,122,116,238,0.8592057761732852,0.4404332129963899,0.4187725631768953,60855047001,16.5,16.3,28.5,343.0,60.0,10.0,74.0,15.0,29.0,106.0,130.0,218.0,0.0,7.0,12.0,39.0,7.0,63.0,90.0,91667.0
77,2951,323,277,122,116,238,0.8592057761732852,0.4404332129963899,0.4187725631768953,60855046011,45.2,39.5,49.4,365.0,25.0,32.0,285.0,21.0,148.0,141.0,155.0,729.0,16.0,40.0,126.0,152.0,48.0,216.0,131.0,63750.0
78,3402,3488,3036,1892,826,2718,0.8952569169960475,0.6231884057971014,0.272068511198946,60855093021,43.1,43.3,42.8,1003.0,29.0,2.0,368.0,3.0,61.0,178.0,184.0,901.0,0.0,73.0,17.0,79.0,73.0,274.0,385.0,190694.0
79,3406,3417,2840,1612,902,2514,0.8852112676056338,0.5676056338028169,0.3176056338028169,60855094042,29.6,28.5,35.1,367.0,14.0,8.0,460.0,0.0,197.0,112.0,117.0,640.0,0.0,0.0,104.0,202.0,64.0,139.0,131.0,120667.0
80,3406,3417,2840,1612,902,2514,0.8852112676056338,0.5676056338028169,0.3176056338028169,60855094031,30.7,30.4,30.9,673.0,36.0,46.0,535.0,4.0,682.0,373.0,395.0,717.0,0.0,42.0,64.0,82.0,65.0,299.0,165.0,116400.0
81,3407,3434,2978,1756,888,2644,0.8878441907320349,0.5896574882471457,0.2981867024848892,60855092011,30.9,30.9,30.8,602.0,17.0,22.0,406.0,19.0,116.0,200.0,210.0,835.0,0.0,0.0,62.0,150.0,36.0,307.0,280.0,250000.0
82,3408,4039,3592,2132,1074,3206,0.8925389755011136,0.5935412026726058,0.2989977728285078,60855095002,30.5,30.8,30.3,759.0,36.0,39.0,576.0,0.0,336.0,288.0,300.0,1019.0,58.0,26.0,15.0,122.0,18.0,374.0,406.0,128456.0
83,3408,4039,3592,2132,1074,3206,0.8925389755011136,0.5935412026726058,0.2989977728285078,60855095003,35.5,33.5,39.2,730.0,22.0,20.0,366.0,12.0,159.0,241.0,264.0,970.0,0.0,0.0,142.0,130.0,80.0,273.0,345.0,102300.0
84,3409,4109,3552,2047,1107,3154,0.8879504504504504,0.576295045045045,0.31165540540540543,60855092023,30.3,28.5,35.0,332.0,10.0,9.0,443.0,0.0,62.0,86.0,97.0,465.0,28.0,10.0,32.0,103.0,37.0,141.0,114.0,154750.0
85,3409,4109,3552,2047,1107,3154,0.8879504504504504,0.576295045045045,0.31165540540540543,60855092024,37.7,39.4,35.8,314.0,12.0,4.0,282.0,0.0,72.0,110.0,119.0,543.0,39.0,0.0,36.0,50.0,7.0,306.0,105.0,215465.0
86,3410,4179,3676,2069,1241,3310,0.9004352557127312,0.5628400435255713,0.33759521218715993,60855091092,32.0,33.7,28.9,672.0,19.0,12.0,484.0,0.0,141.0,157.0,174.0,1153.0,0.0,0.0,145.0,419.0,67.0,385.0,137.0,130776.0
87,3417,3754,3279,2032,926,2958,0.9021043000914913,0.6197011283928027,0.2824031716986886,60855096001,34.5,35.5,34.1,645.0,16.0,11.0,391.0,1.0,29.0,111.0,117.0,618.0,0.0,0.0,8.0,50.0,26.0,238.0,296.0,204702.0
88,3417,3754,3279,2032,926,2958,0.9021043000914913,0.6197011283928027,0.2824031716986886,60855096002,34.5,34.7,34.4,440.0,31.0,7.0,278.0,1.0,97.0,111.0,121.0,659.0,25.0,31.0,44.0,54.0,48.0,195.0,262.0,150250.0
89,3427,3240,2832,1633,909,2542,0.8975988700564972,0.5766242937853108,0.3209745762711864,60855094012,32.5,32.6,32.3,348.0,7.0,1.0,333.0,3.0,31.0,94.0,98.0,563.0,0.0,21.0,5.0,102.0,63.0,187.0,185.0,189464.0
90,3427,3240,2832,1633,909,2542,0.8975988700564972,0.5766242937853108,0.3209745762711864,60855094011,35.8,36.3,35.1,633.0,47.0,22.0,558.0,1.0,176.0,116.0,121.0,971.0,0.0,10.0,152.0,175.0,41.0,262.0,331.0,97237.0
91,3434,2385,2211,1381,604,1985,0.8977838082315694,0.6246042514699232,0.2731795567616463,60855098014,43.4,42.4,45.7,918.0,17.0,1.0,524.0,2.0,35.0,197.0,205.0,1055.0,0.0,0.0,29.0,130.0,47.0,377.0,472.0,166364.0
92,3438,4335,3937,2323,1204,3527,0.8958597917195834,0.5900431800863601,0.30581661163322327,60855098021,36.1,36.2,36.0,642.0,25.0,16.0,587.0,4.0,84.0,181.0,184.0,795.0,0.0,0.0,84.0,109.0,62.0,217.0,323.0,159375.0
93,3445,4000,3531,2010,1130,3140,0.8892664967431323,0.5692438402718777,0.3200226564712546,60855097002,30.2,31.1,29.6,415.0,8.0,1.0,328.0,2.0,77.0,105.0,111.0,441.0,0.0,0.0,25.0,86.0,0.0,146.0,184.0,192663.0
94,3445,4000,3531,2010,1130,3140,0.8892664967431323,0.5692438402718777,0.3200226564712546,60855097003,41.1,39.5,43.3,690.0,14.0,2.0,297.0,1.0,60.0,119.0,131.0,716.0,0.0,6.0,57.0,142.0,46.0,231.0,234.0,136500.0
95,3669,3,2,2,0,2,1.0,1.0,0.0,60855077032,,,,,,,,,,,,,,,,,,,,
96,3782,421,371,164,156,320,0.862533692722372,0.4420485175202156,0.42048517520215634,60855070012,,,,,,,,,,,,,,,,,,,,
97,3783,423,382,186,130,316,0.8272251308900523,0.4869109947643979,0.3403141361256545,60855072062,50.2,50.7,48.9,958.0,9.0,0.0,211.0,2.0,24.0,145.0,151.0,843.0,12.0,14.0,16.0,78.0,4.0,284.0,435.0,250000.0
98,3783,423,382,186,130,316,0.8272251308900523,0.4869109947643979,0.3403141361256545,60855070012,,,,,,,,,,,,,,,,,,,,
99,3801,1711,1553,799,552,1351,0.8699291693496458,0.5144880875724405,0.3554410817772054,60855026011,48.2,47.8,48.5,581.0,12.0,3.0,110.0,0.0,13.0,81.0,88.0,462.0,0.0,0.0,25.0,22.0,36.0,267.0,112.0,216458.0
100,3801,1711,1553,799,552,1351,0.8699291693496458,0.5144880875724405,0.3554410817772054,60855026032,54.7,57.9,48.4,556.0,8.0,1.0,130.0,1.0,11.0,129.0,137.0,783.0,0.0,0.0,137.0,183.0,16.0,269.0,178.0,178024.0
101,3802,2793,2426,1318,824,2142,0.8829348722176422,0.5432811211871393,0.3396537510305029,60855064021,48.7,50.3,42.0,528.0,85.0,10.0,287.0,5.0,278.0,207.0,220.0,1065.0,53.0,0.0,306.0,222.0,26.0,378.0,80.0,75938.0
102,3802,2793,2426,1318,824,2142,0.8829348722176422,0.5432811211871393,0.3396537510305029,60855064022,51.8,52.0,51.5,382.0,9.0,12.0,134.0,8.0,15.0,75.0,87.0,375.0,0.0,0.0,14.0,155.0,0.0,149.0,57.0,
103,3802,2793,2426,1318,824,2142,0.8829348722176422,0.5432811211871393,0.3396537510305029,60855064024,38.5,35.1,49.5,529.0,93.0,3.0,400.0,4.0,153.0,155.0,175.0,681.0,54.0,43.0,124.0,123.0,14.0,179.0,144.0,136765.0
104,3803,2482,2136,1105,744,1849,0.8656367041198502,0.5173220973782772,0.34831460674157305,60855065023,29.1,26.6,32.2,1368.0,62.0,14.0,443.0,3.0,130.0,268.0,284.0,1348.0,19.0,9.0,291.0,279.0,173.0,435.0,142.0,104962.0
105,3804,1112,1000,570,294,864,0.864,0.57,0.294,60855065011,,,,,,,,,,,,,,,,,,,,
106,3804,1112,1000,570,294,864,0.864,0.57,0.294,60855065012,,,,,,,,,,,,,,,,,,,,
107,3810,2257,1882,960,644,1604,0.8522848034006376,0.51009564293305,0.3421891604675877,60855065033,36.2,36.8,33.5,1004.0,118.0,46.0,318.0,18.0,490.0,318.0,330.0,1127.0,0.0,82.0,154.0,331.0,57.0,324.0,179.0,81111.0
108,3811,2865,2524,1310,812,2122,0.840729001584786,0.5190174326465927,0.32171156893819336,60855065032,59.5,58.4,60.5,1131.0,36.0,17.0,508.0,6.0,101.0,260.0,291.0,1387.0,195.0,44.0,176.0,269.0,99.0,447.0,157.0,28456.0
109,3814,2713,2358,1123,887,2010,0.8524173027989822,0.4762510602205259,0.3761662425784563,60855067031,36.3,32.4,38.5,1036.0,17.0,14.0,440.0,13.0,84.0,211.0,229.0,1159.0,40.0,26.0,226.0,213.0,59.0,357.0,238.0,158289.0
110,3820,2323,2033,1006,759,1765,0.868175110673881,0.49483521888834237,0.3733398917855386,60855066062,37.4,37.1,37.8,935.0,31.0,11.0,702.0,6.0,169.0,208.0,217.0,1418.0,134.0,53.0,228.0,286.0,115.0,388.0,214.0,101318.0
111,3821,1089,892,446,333,779,0.8733183856502242,0.5,0.37331838565022424,60855066051,37.8,39.3,37.3,817.0,53.0,32.0,867.0,8.0,361.0,247.0,267.0,1242.0,0.0,62.0,335.0,138.0,93.0,403.0,211.0,116288.0
112,3821,1089,892,446,333,779,0.8733183856502242,0.5,0.37331838565022424,60855066052,38.8,37.1,39.9,717.0,62.0,28.0,623.0,4.0,230.0,233.0,251.0,1566.0,0.0,13.0,241.0,578.0,158.0,419.0,157.0,91793.0
113,3825,1427,1266,609,475,1084,0.8562401263823065,0.48104265402843605,0.37519747235387046,60855065021,44.6,43.0,47.8,942.0,17.0,3.0,232.0,0.0,107.0,194.0,200.0,1089.0,14.0,23.0,208.0,319.0,69.0,296.0,160.0,88056.0
114,3825,1427,1266,609,475,1084,0.8562401263823065,0.48104265402843605,0.37519747235387046,60855065022,46.1,46.4,44.7,563.0,21.0,7.0,119.0,1.0,80.0,112.0,127.0,395.0,0.0,9.0,28.0,30.0,31.0,200.0,97.0,119886.0
115,3828,1215,1100,507,444,951,0.8645454545454545,0.46090909090909093,0.4036363636363636,60855067012,43.5,42.2,44.3,689.0,63.0,7.0,714.0,3.0,85.0,183.0,202.0,1023.0,9.0,22.0,155.0,268.0,175.0,219.0,175.0,162546.0
116,3828,1215,1100,507,444,951,0.8645454545454545,0.46090909090909093,0.4036363636363636,60855067013,42.6,42.3,44.7,925.0,15.0,3.0,478.0,2.0,29.0,175.0,186.0,1389.0,33.0,11.0,299.0,217.0,33.0,587.0,209.0,186964.0
117,3835,1393,1272,595,512,1107,0.8702830188679245,0.46776729559748426,0.4025157232704403,60855067013,42.6,42.3,44.7,925.0,15.0,3.0,478.0,2.0,29.0,175.0,186.0,1389.0,33.0,11.0,299.0,217.0,33.0,587.0,209.0,186964.0
118,3840,2253,1997,1017,641,1658,0.8302453680520782,0.5092638958437656,0.32098147220831247,60855027021,,,,,,,,,,,,,,,,,,,,
119,3846,117,102,55,32,87,0.8529411764705882,0.5392156862745098,0.3137254901960784,60855027021,,,,,,,,,,,,,,,,,,,,
120,4665,38,31,13,11,24,0.7741935483870968,0.41935483870967744,0.3548387096774194,60855076002,49.0,49.4,48.2,428.0,4.0,5.0,741.0,1.0,9.0,85.0,92.0,556.0,0.0,0.0,26.0,55.0,36.0,224.0,215.0,250000.0
121,4666,7,7,5,0,5,0.7142857142857143,0.7142857142857143,0.0,60855076002,49.0,49.4,48.2,428.0,4.0,5.0,741.0,1.0,9.0,85.0,92.0,556.0,0.0,0.0,26.0,55.0,36.0,224.0,215.0,250000.0
122,4671,1844,1662,749,722,1471,0.885078219013237,0.450661853188929,0.43441636582430804,60855076001,54.6,55.6,51.1,357.0,3.0,2.0,365.0,0.0,15.0,49.0,56.0,739.0,0.0,31.0,52.0,20.0,51.0,211.0,374.0,199500.0
123,4672,1031,922,419,399,818,0.8872017353579176,0.4544468546637744,0.43275488069414314,60855073022,59.2,59.9,55.9,537.0,6.0,2.0,288.0,0.0,14.0,57.0,59.0,745.0,0.0,0.0,71.0,47.0,20.0,292.0,315.0,172826.0
124,4674,1594,1450,651,630,1281,0.883448275862069,0.4489655172413793,0.43448275862068964,60855074022,53.7,48.3,55.5,624.0,7.0,0.0,349.0,0.0,14.0,83.0,86.0,970.0,4.0,8.0,96.0,191.0,36.0,394.0,241.0,167383.0
125,4675,3153,2852,1242,1270,2512,0.8807854137447405,0.43548387096774194,0.44530154277699857,60855066045,41.2,41.0,41.2,629.0,118.0,4.0,633.0,0.0,105.0,142.0,167.0,824.0,6.0,34.0,74.0,138.0,83.0,276.0,213.0,171333.0
126,4685,1707,1518,724,619,1343,0.8847167325428195,0.4769433465085639,0.4077733860342556,60855073015,59.5,60.7,57.6,872.0,0.0,1.0,558.0,5.0,17.0,124.0,144.0,1498.0,2.0,2.0,104.0,169.0,187.0,421.0,613.0,201816.0
127,4685,1707,1518,724,619,1343,0.8847167325428195,0.4769433465085639,0.4077733860342556,60855073016,62.9,50.9,69.5,668.0,3.0,4.0,560.0,1.0,9.0,47.0,52.0,866.0,0.0,77.0,58.0,49.0,43.0,299.0,340.0,177852.0
128,4687,1777,1624,731,712,1443,0.8885467980295566,0.4501231527093596,0.43842364532019706,60855075002,47.9,44.5,49.6,393.0,3.0,3.0,934.0,2.0,6.0,81.0,87.0,824.0,20.0,0.0,65.0,81.0,23.0,286.0,349.0,186833.0
129,4687,1777,1624,731,712,1443,0.8885467980295566,0.4501231527093596,0.43842364532019706,60855075003,52.5,54.4,48.0,371.0,3.0,0.0,778.0,1.0,11.0,54.0,58.0,954.0,0.0,18.0,72.0,152.0,107.0,306.0,299.0,182679.0
130,4688,3379,3025,1320,1413,2733,0.9034710743801653,0.43636363636363634,0.46710743801652893,60855075001,45.5,38.4,50.8,523.0,2.0,0.0,1291.0,0.0,12.0,97.0,102.0,1178.0,32.0,30.0,36.0,97.0,0.0,305.0,678.0,141875.0
131,4688,3379,3025,1320,1413,2733,0.9034710743801653,0.43636363636363634,0.46710743801652893,60855075002,47.9,44.5,49.6,393.0,3.0,3.0,934.0,2.0,6.0,81.0,87.0,824.0,20.0,0.0,65.0,81.0,23.0,286.0,349.0,186833.0
132,4688,3379,3025,1320,1413,2733,0.9034710743801653,0.43636363636363634,0.46710743801652893,60855075004,50.2,45.5,56.4,357.0,2.0,0.0,971.0,0.0,8.0,63.0,66.0,1143.0,0.0,0.0,21.0,69.0,20.0,416.0,617.0,153818.0
133,4691,2285,2013,903,891,1794,0.8912071535022354,0.4485842026825633,0.4426229508196721,60855075001,45.5,38.4,50.8,523.0,2.0,0.0,1291.0,0.0,12.0,97.0,102.0,1178.0,32.0,30.0,36.0,97.0,0.0,305.0,678.0,141875.0
134,4696,1356,1208,523,551,1074,0.8890728476821192,0.4329470198675497,0.45612582781456956,60855074011,46.3,46.4,46.1,247.0,10.0,5.0,908.0,3.0,11.0,36.0,37.0,963.0,0.0,0.0,12.0,84.0,32.0,374.0,461.0,235147.0
135,4696,1356,1208,523,551,1074,0.8890728476821192,0.4329470198675497,0.45612582781456956,60855074012,51.9,58.6,51.2,315.0,6.0,2.0,788.0,4.0,15.0,60.0,65.0,979.0,59.0,44.0,31.0,104.0,47.0,297.0,397.0,220329.0
136,4698,1201,1075,469,475,944,0.878139534883721,0.43627906976744185,0.4418604651162791,60855076002,49.0,49.4,48.2,428.0,4.0,5.0,741.0,1.0,9.0,85.0,92.0,556.0,0.0,0.0,26.0,55.0,36.0,224.0,215.0,250000.0
137,4699,1732,1559,702,696,1398,0.8967286722257858,0.450288646568313,0.44644002565747276,60855074013,50.9,51.1,50.7,400.0,1.0,1.0,919.0,3.0,17.0,72.0,84.0,892.0,0.0,41.0,104.0,65.0,24.0,290.0,368.0,209792.0
138,4702,1089,962,443,416,859,0.8929313929313929,0.4604989604989605,0.43243243243243246,60855074023,50.3,52.8,48.5,581.0,11.0,0.0,724.0,4.0,15.0,84.0,95.0,1038.0,28.0,46.0,71.0,176.0,127.0,341.0,249.0,147708.0
139,4715,641,511,212,241,453,0.8864970645792564,0.41487279843444225,0.47162426614481406,60855076001,54.6,55.6,51.1,357.0,3.0,2.0,365.0,0.0,15.0,49.0,56.0,739.0,0.0,31.0,52.0,20.0,51.0,211.0,374.0,199500.0
140,4715,641,511,212,241,453,0.8864970645792564,0.41487279843444225,0.47162426614481406,60855076002,49.0,49.4,48.2,428.0,4.0,5.0,741.0,1.0,9.0,85.0,92.0,556.0,0.0,0.0,26.0,55.0,36.0,224.0,215.0,250000.0
141,4715,641,511,212,241,453,0.8864970645792564,0.41487279843444225,0.47162426614481406,60855076003,53.0,52.5,53.3,563.0,4.0,0.0,1124.0,0.0,10.0,77.0,83.0,1277.0,0.0,18.0,73.0,130.0,92.0,429.0,535.0,250000.0
142,4715,641,511,212,241,453,0.8864970645792564,0.41487279843444225,0.47162426614481406,60855076004,43.9,42.4,48.4,829.0,6.0,3.0,1002.0,0.0,18.0,85.0,95.0,1506.0,0.0,31.0,38.0,116.0,36.0,550.0,735.0,202583.0
143,4733,51,47,20,18,38,0.8085106382978723,0.425531914893617,0.3829787234042553,60855076001,54.6,55.6,51.1,357.0,3.0,2.0,365.0,0.0,15.0,49.0,56.0,739.0,0.0,31.0,52.0,20.0,51.0,211.0,374.0,199500.0
144,5556,1648,1319,744,387,1131,0.8574677786201668,0.5640636846095527,0.2934040940106141,60855020021,36.6,32.1,42.3,241.0,24.0,31.0,98.0,2.0,213.0,143.0,157.0,537.0,0.0,59.0,220.0,81.0,71.0,27.0,79.0,
145,5556,1648,1319,744,387,1131,0.8574677786201668,0.5640636846095527,0.2934040940106141,60855020014,36.0,34.3,38.9,629.0,67.0,34.0,270.0,0.0,592.0,251.0,277.0,1168.0,66.0,39.0,122.0,360.0,41.0,388.0,152.0,96875.0
146,5557,1052,921,492,306,798,0.8664495114006515,0.5342019543973942,0.3322475570032573,60855020013,34.8,34.1,35.9,501.0,40.0,24.0,248.0,5.0,171.0,199.0,216.0,845.0,8.0,5.0,179.0,229.0,78.0,232.0,114.0,133182.0
147,5567,616,512,275,160,435,0.849609375,0.537109375,0.3125,60855021011,33.6,31.9,33.7,587.0,24.0,16.0,403.0,16.0,133.0,176.0,189.0,1206.0,12.0,33.0,63.0,104.0,121.0,628.0,245.0,116813.0
148,5567,616,512,275,160,435,0.849609375,0.537109375,0.3125,60855021012,40.9,30.9,56.3,436.0,33.0,5.0,210.0,2.0,67.0,114.0,126.0,741.0,7.0,20.0,149.0,145.0,62.0,195.0,163.0,111750.0
149,5742,18,17,3,6,9,0.5294117647058824,0.17647058823529413,0.35294117647058826,60855118003,49.7,48.6,50.0,853.0,10.0,8.0,85.0,0.0,52.0,119.0,132.0,858.0,0.0,6.0,140.0,140.0,83.0,203.0,286.0,108949.0
150,5743,587,527,312,148,460,0.872865275142315,0.5920303605313093,0.2808349146110057,60855118001,45.2,47.3,44.7,1459.0,13.0,9.0,121.0,4.0,50.0,173.0,185.0,1686.0,0.0,22.0,372.0,330.0,102.0,360.0,500.0,202813.0
151,5745,493,451,237,149,386,0.8558758314855875,0.5254988913525499,0.3303769401330377,60855118001,45.2,47.3,44.7,1459.0,13.0,9.0,121.0,4.0,50.0,173.0,185.0,1686.0,0.0,22.0,372.0,330.0,102.0,360.0,500.0,202813.0
152,5747,988,912,443,327,770,0.8442982456140351,0.4857456140350877,0.35855263157894735,60855117071,55.3,46.4,65.5,976.0,10.0,4.0,482.0,0.0,14.0,116.0,123.0,1611.0,15.0,9.0,227.0,139.0,35.0,523.0,663.0,127778.0
153,5748,1927,1742,934,507,1441,0.8272101033295063,0.5361653272101033,0.291044776119403,60855118001,45.2,47.3,44.7,1459.0,13.0,9.0,121.0,4.0,50.0,173.0,185.0,1686.0,0.0,22.0,372.0,330.0,102.0,360.0,500.0,202813.0
154,5756,103,88,47,28,75,0.8522727272727273,0.5340909090909091,0.3181818181818182,60855118003,49.7,48.6,50.0,853.0,10.0,8.0,85.0,0.0,52.0,119.0,132.0,858.0,0.0,6.0,140.0,140.0,83.0,203.0,286.0,108949.0
155,5758,187,171,70,69,139,0.8128654970760234,0.4093567251461988,0.40350877192982454,60855070012,,,,,,,,,,,,,,,,,,,,
156,5759,477,435,203,165,368,0.8459770114942529,0.4666666666666667,0.3793103448275862,60855073022,59.2,59.9,55.9,537.0,6.0,2.0,288.0,0.0,14.0,57.0,59.0,745.0,0.0,0.0,71.0,47.0,20.0,292.0,315.0,172826.0
157,5762,298,266,128,96,224,0.8421052631578947,0.48120300751879697,0.3609022556390977,60855070022,56.0,63.1,49.8,832.0,3.0,2.0,127.0,0.0,23.0,94.0,108.0,1086.0,0.0,6.0,59.0,71.0,26.0,420.0,504.0,250000.0
158,5762,298,266,128,96,224,0.8421052631578947,0.48120300751879697,0.3609022556390977,60855070012,,,,,,,,,,,,,,,,,,,,
159,5763,82,79,42,27,69,0.8734177215189873,0.5316455696202531,0.34177215189873417,60855070012,,,,,,,,,,,,,,,,,,,,
160,5770,181,165,69,76,145,0.8787878787878788,0.41818181818181815,0.46060606060606063,60855070012,,,,,,,,,,,,,,,,,,,,
161,5770,181,165,69,76,145,0.8787878787878788,0.41818181818181815,0.46060606060606063,60855072061,51.2,48.6,53.5,997.0,13.0,8.0,370.0,0.0,19.0,157.0,166.0,1066.0,0.0,17.0,81.0,180.0,55.0,391.0,342.0,250000.0
162,5775,373,323,157,113,270,0.8359133126934984,0.48606811145510836,0.3498452012383901,60855068013,44.4,45.8,44.0,1175.0,13.0,4.0,280.0,0.0,16.0,185.0,193.0,961.0,15.0,26.0,53.0,162.0,75.0,448.0,182.0,205284.0
163,5775,373,323,157,113,270,0.8359133126934984,0.48606811145510836,0.3498452012383901,60855068014,45.4,46.5,45.1,530.0,5.0,3.0,203.0,0.0,10.0,71.0,78.0,569.0,7.0,13.0,38.0,29.0,39.0,284.0,159.0,236979.0
164,5795,3,2,2,0,2,1.0,1.0,0.0,60855118003,49.7,48.6,50.0,853.0,10.0,8.0,85.0,0.0,52.0,119.0,132.0,858.0,0.0,6.0,140.0,140.0,83.0,203.0,286.0,108949.0
165,5804,1276,1134,560,363,923,0.8139329805996472,0.49382716049382713,0.3201058201058201,60855028003,43.9,40.6,47.2,708.0,8.0,15.0,266.0,1.0,58.0,127.0,137.0,773.0,0.0,29.0,168.0,105.0,15.0,286.0,170.0,216250.0
166,5810,415,381,171,117,288,0.7559055118110236,0.44881889763779526,0.30708661417322836,60855027023,,,,,,,,,,,,,,,,,,,,
167,5810,415,381,171,117,288,0.7559055118110236,0.44881889763779526,0.30708661417322836,60855027022,,,,,,,,,,,,,,,,,,,,
168,5811,327,290,111,121,232,0.8,0.38275862068965516,0.41724137931034483,60855027023,,,,,,,,,,,,,,,,,,,,
169,5813,60,54,28,19,47,0.8703703703703703,0.5185185185185185,0.35185185185185186,60855068024,43.7,43.4,44.6,332.0,4.0,4.0,224.0,0.0,35.0,62.0,76.0,380.0,0.0,16.0,27.0,140.0,33.0,112.0,52.0,102083.0
170,5814,263,231,114,70,184,0.7965367965367965,0.4935064935064935,0.30303030303030304,60855028001,44.5,45.0,43.6,829.0,38.0,12.0,278.0,3.0,111.0,197.0,210.0,827.0,26.0,9.0,190.0,159.0,41.0,264.0,138.0,152333.0
171,5854,2,2,1,1,2,1.0,0.5,0.5,60855119111,41.4,41.3,41.5,1185.0,180.0,16.0,514.0,1.0,77.0,178.0,189.0,1488.0,0.0,21.0,289.0,232.0,77.0,609.0,260.0,104565.0
172,5854,2,2,1,1,2,1.0,0.5,0.5,60855119113,55.4,56.6,49.9,992.0,15.0,3.0,553.0,1.0,20.0,171.0,186.0,1469.0,19.0,6.0,190.0,203.0,71.0,598.0,382.0,202349.0
173,5901,1,0,0,0,0,,,,60855119091,,,,,,,,,,,,,,,,,,,,
174,5902,496,457,201,173,374,0.8183807439824945,0.43982494529540483,0.3785557986870897,60855119113,55.4,56.6,49.9,992.0,15.0,3.0,553.0,1.0,20.0,171.0,186.0,1469.0,19.0,6.0,190.0,203.0,71.0,598.0,382.0,202349.0
175,5903,679,589,257,240,497,0.8438030560271647,0.4363327674023769,0.4074702886247878,60855119112,52.3,49.0,53.5,613.0,14.0,12.0,101.0,7.0,47.0,142.0,159.0,772.0,28.0,49.0,116.0,245.0,62.0,168.0,104.0,122768.0
176,5907,9,8,2,6,8,1.0,0.25,0.75,60855118003,49.7,48.6,50.0,853.0,10.0,8.0,85.0,0.0,52.0,119.0,132.0,858.0,0.0,6.0,140.0,140.0,83.0,203.0,286.0,108949.0
177,5927,1,1,0,1,1,1.0,0.0,1.0,60855119112,52.3,49.0,53.5,613.0,14.0,12.0,101.0,7.0,47.0,142.0,159.0,772.0,28.0,49.0,116.0,245.0,62.0,168.0,104.0,122768.0
178,5927,1,1,0,1,1,1.0,0.0,1.0,60855121001,42.5,39.9,43.5,672.0,11.0,22.0,310.0,1.0,441.0,278.0,298.0,957.0,49.0,16.0,250.0,252.0,62.0,231.0,97.0,85000.0
179,6023,18,13,5,6,11,0.8461538461538461,0.38461538461538464,0.46153846153846156,60855119112,52.3,49.0,53.5,613.0,14.0,12.0,101.0,7.0,47.0,142.0,159.0,772.0,28.0,49.0,116.0,245.0,62.0,168.0,104.0,122768.0
180,6624,7,7,3,4,7,1.0,0.42857142857142855,0.5714285714285714,60855077023,43.8,48.1,43.2,556.0,4.0,4.0,1643.0,0.0,23.0,107.0,121.0,1554.0,15.0,0.0,158.0,109.0,62.0,443.0,767.0,250000.0
181,6625,5,5,5,0,5,1.0,1.0,0.0,60855076001,54.6,55.6,51.1,357.0,3.0,2.0,365.0,0.0,15.0,49.0,56.0,739.0,0.0,31.0,52.0,20.0,51.0,211.0,374.0,199500.0
182,6669,85,77,39,31,70,0.9090909090909091,0.5064935064935064,0.4025974025974026,60855117071,55.3,46.4,65.5,976.0,10.0,4.0,482.0,0.0,14.0,116.0,123.0,1611.0,15.0,9.0,227.0,139.0,35.0,523.0,663.0,127778.0
183,6669,85,77,39,31,70,0.9090909090909091,0.5064935064935064,0.4025974025974026,60855073021,46.8,49.4,44.3,1105.0,6.0,0.0,684.0,3.0,28.0,147.0,151.0,1310.0,10.0,0.0,64.0,107.0,80.0,486.0,563.0,250000.0
184,6678,61,55,21,30,51,0.9272727272727272,0.38181818181818183,0.5454545454545454,60855076001,54.6,55.6,51.1,357.0,3.0,2.0,365.0,0.0,15.0,49.0,56.0,739.0,0.0,31.0,52.0,20.0,51.0,211.0,374.0,199500.0
185,6678,61,55,21,30,51,0.9272727272727272,0.38181818181818183,0.5454545454545454,60855117071,55.3,46.4,65.5,976.0,10.0,4.0,482.0,0.0,14.0,116.0,123.0,1611.0,15.0,9.0,227.0,139.0,35.0,523.0,663.0,127778.0
186,7001,2136,1757,826,614,1440,0.819578827546955,0.4701195219123506,0.3494593056346044,60855080043,34.0,34.1,32.8,477.0,28.0,2.0,1745.0,2.0,67.0,134.0,147.0,1248.0,36.0,15.0,19.0,239.0,164.0,373.0,402.0,131375.0
187,7001,2136,1757,826,614,1440,0.819578827546955,0.4701195219123506,0.3494593056346044,60855062032,32.8,29.7,34.6,320.0,48.0,4.0,2293.0,3.0,158.0,113.0,116.0,309.0,0.0,0.0,0.0,45.0,33.0,176.0,55.0,138611.0
188,7005,2719,2229,1167,708,1875,0.8411843876177658,0.5235531628532974,0.31763122476446837,60855062031,27.4,25.7,32.7,314.0,51.0,17.0,1035.0,2.0,208.0,97.0,103.0,911.0,0.0,175.0,132.0,263.0,52.0,168.0,121.0,131625.0
189,7012,2078,1817,830,741,1571,0.8646119977985691,0.45679691799669786,0.4078150798018712,60855062041,38.9,43.0,36.2,576.0,45.0,12.0,1466.0,5.0,188.0,228.0,243.0,1119.0,3.0,29.0,149.0,255.0,231.0,270.0,182.0,116932.0
190,7014,2416,2116,1044,790,1834,0.8667296786389413,0.4933837429111531,0.3733459357277883,60855062044,53.9,53.6,54.1,423.0,9.0,2.0,948.0,3.0,47.0,90.0,103.0,947.0,35.0,30.0,71.0,61.0,11.0,316.0,423.0,234250.0
191,7019,3976,3318,1615,1215,2830,0.8529234478601567,0.48673899939722726,0.36618444846292947,60855063042,34.1,34.0,34.2,274.0,25.0,12.0,327.0,13.0,60.0,105.0,133.0,250.0,0.0,0.0,36.0,82.0,0.0,22.0,110.0,153750.0
192,7019,3976,3318,1615,1215,2830,0.8529234478601567,0.48673899939722726,0.36618444846292947,60855063043,31.2,29.0,34.0,534.0,83.0,13.0,1016.0,32.0,279.0,156.0,165.0,847.0,0.0,0.0,147.0,70.0,161.0,249.0,220.0,109189.0
193,7025,3425,2790,1512,902,2414,0.8652329749103943,0.5419354838709678,0.3232974910394265,60855064011,29.8,30.3,27.9,343.0,25.0,3.0,220.0,1.0,45.0,67.0,71.0,379.0,0.0,8.0,0.0,28.0,19.0,128.0,196.0,183694.0
194,7038,321,296,135,120,255,0.8614864864864865,0.4560810810810811,0.40540540540540543,60855079042,49.3,49.9,48.4,377.0,1.0,3.0,1116.0,3.0,12.0,71.0,77.0,963.0,0.0,8.0,67.0,84.0,26.0,298.0,480.0,229313.0
195,7038,321,296,135,120,255,0.8614864864864865,0.4560810810810811,0.40540540540540543,60855079041,41.0,42.4,40.8,331.0,3.0,4.0,1381.0,5.0,14.0,66.0,77.0,924.0,16.0,15.0,42.0,73.0,31.0,280.0,467.0,207981.0
196,7041,3457,2862,1387,1003,2390,0.8350803633822502,0.48462613556953177,0.3504542278127184,60855063053,38.6,41.0,34.6,520.0,208.0,35.0,518.0,4.0,217.0,159.0,161.0,868.0,0.0,90.0,95.0,351.0,68.0,159.0,105.0,69479.0
197,7044,2098,1749,872,582,1454,0.8313321898227558,0.4985706117781589,0.33276157804459694,60855063054,36.8,35.7,38.1,557.0,213.0,33.0,351.0,8.0,632.0,224.0,233.0,1033.0,48.0,41.0,213.0,363.0,113.0,129.0,126.0,90266.0
198,7044,2098,1749,872,582,1454,0.8313321898227558,0.4985706117781589,0.33276157804459694,60855063052,35.1,32.3,41.0,495.0,96.0,52.0,634.0,24.0,867.0,330.0,341.0,1380.0,36.0,92.0,342.0,349.0,125.0,341.0,95.0,79583.0
199,7044,2098,1749,872,582,1454,0.8313321898227558,0.4985706117781589,0.33276157804459694,60855063051,27.5,22.3,35.2,263.0,37.0,22.0,259.0,9.0,342.0,118.0,126.0,763.0,44.0,62.0,81.0,131.0,47.0,302.0,96.0,80345.0
200,7046,3396,2780,1464,971,2435,0.8758992805755396,0.5266187050359712,0.34928057553956837,60855063022,34.3,34.7,34.1,823.0,45.0,14.0,673.0,9.0,180.0,190.0,216.0,1863.0,246.0,103.0,291.0,432.0,224.0,349.0,218.0,138182.0
201,7059,549,455,236,157,393,0.8637362637362638,0.5186813186813187,0.34505494505494505,60855079042,49.3,49.9,48.4,377.0,1.0,3.0,1116.0,3.0,12.0,71.0,77.0,963.0,0.0,8.0,67.0,84.0,26.0,298.0,480.0,229313.0
202,7061,2225,1985,1043,674,1717,0.8649874055415617,0.52544080604534,0.3395465994962217,60855062023,47.2,38.9,58.8,464.0,31.0,2.0,628.0,6.0,80.0,56.0,59.0,734.0,60.0,25.0,207.0,166.0,41.0,122.0,113.0,81319.0
203,7062,2982,2549,1250,898,2148,0.8426834052569635,0.49038838760298153,0.35229501765398197,60855062022,42.0,43.0,41.2,907.0,64.0,11.0,1208.0,7.0,103.0,181.0,196.0,1409.0,64.0,0.0,314.0,71.0,117.0,497.0,346.0,155020.0
204,7079,2131,1912,931,675,1606,0.8399581589958159,0.4869246861924686,0.3530334728033473,60855066045,41.2,41.0,41.2,629.0,118.0,4.0,633.0,0.0,105.0,142.0,167.0,824.0,6.0,34.0,74.0,138.0,83.0,276.0,213.0,171333.0
205,7079,2131,1912,931,675,1606,0.8399581589958159,0.4869246861924686,0.3530334728033473,60855066042,37.1,37.7,36.1,826.0,24.0,18.0,703.0,0.0,58.0,188.0,203.0,1102.0,0.0,0.0,116.0,156.0,71.0,483.0,276.0,245234.0
206,7079,2131,1912,931,675,1606,0.8399581589958159,0.4869246861924686,0.3530334728033473,60855066043,37.2,34.5,40.2,739.0,13.0,5.0,718.0,2.0,52.0,143.0,157.0,1067.0,0.0,0.0,191.0,181.0,54.0,470.0,171.0,168092.0
207,7081,1922,1734,880,605,1485,0.856401384083045,0.5074971164936563,0.3489042675893887,60855066033,33.6,29.1,43.1,555.0,17.0,5.0,524.0,4.0,70.0,128.0,135.0,885.0,9.0,0.0,84.0,132.0,101.0,457.0,102.0,221750.0
208,7089,1362,1214,611,413,1024,0.8434925864909391,0.5032948929159803,0.3401976935749588,60855066044,41.9,53.3,33.2,672.0,6.0,4.0,708.0,0.0,22.0,171.0,183.0,761.0,0.0,17.0,53.0,115.0,47.0,289.0,240.0,250000.0
209,8003,2865,2535,1345,853,2198,0.867061143984221,0.5305719921104537,0.33648915187376727,60855058004,39.6,41.1,38.9,690.0,14.0,3.0,192.0,4.0,73.0,146.0,155.0,1094.0,0.0,10.0,171.0,314.0,27.0,273.0,299.0,228333.0
210,8003,2865,2535,1345,853,2198,0.867061143984221,0.5305719921104537,0.33648915187376727,60855058003,40.6,40.7,40.6,479.0,3.0,7.0,172.0,6.0,63.0,119.0,127.0,625.0,0.0,20.0,68.0,159.0,76.0,159.0,143.0,106250.0
211,8011,492,437,244,131,375,0.8581235697940504,0.5583524027459954,0.2997711670480549,60855005004,42.2,46.8,28.8,541.0,16.0,9.0,161.0,2.0,90.0,98.0,106.0,552.0,0.0,0.0,65.0,51.0,41.0,230.0,165.0,200536.0
212,8011,492,437,244,131,375,0.8581235697940504,0.5583524027459954,0.2997711670480549,60855005005,56.0,44.8,64.0,377.0,24.0,13.0,129.0,5.0,110.0,280.0,304.0,961.0,8.0,69.0,169.0,125.0,21.0,250.0,319.0,101314.0
213,8012,16,17,8,7,15,0.8823529411764706,0.47058823529411764,0.4117647058823529,60855005005,56.0,44.8,64.0,377.0,24.0,13.0,129.0,5.0,110.0,280.0,304.0,961.0,8.0,69.0,169.0,125.0,21.0,250.0,319.0,101314.0
214,8013,109,84,38,31,69,0.8214285714285714,0.4523809523809524,0.36904761904761907,60855005005,56.0,44.8,64.0,377.0,24.0,13.0,129.0,5.0,110.0,280.0,304.0,961.0,8.0,69.0,169.0,125.0,21.0,250.0,319.0,101314.0
215,8030,1148,945,456,322,778,0.8232804232804233,0.48253968253968255,0.34074074074074073,60855064012,29.2,28.5,30.3,419.0,93.0,32.0,357.0,0.0,416.0,169.0,172.0,971.0,30.0,12.0,283.0,309.0,43.0,139.0,155.0,81884.0
216,8033,282,236,119,72,191,0.809322033898305,0.5042372881355932,0.3050847457627119,60855020012,35.4,41.4,32.6,255.0,14.0,12.0,191.0,1.0,144.0,39.0,54.0,723.0,56.0,37.0,91.0,178.0,1.0,258.0,102.0,86071.0
217,8033,282,236,119,72,191,0.809322033898305,0.5042372881355932,0.3050847457627119,60855020013,34.8,34.1,35.9,501.0,40.0,24.0,248.0,5.0,171.0,199.0,216.0,845.0,8.0,5.0,179.0,229.0,78.0,232.0,114.0,133182.0
218,8034,290,205,121,57,178,0.8682926829268293,0.5902439024390244,0.2780487804878049,60855020012,35.4,41.4,32.6,255.0,14.0,12.0,191.0,1.0,144.0,39.0,54.0,723.0,56.0,37.0,91.0,178.0,1.0,258.0,102.0,86071.0
219,8034,290,205,121,57,178,0.8682926829268293,0.5902439024390244,0.2780487804878049,60855020011,34.0,28.8,36.0,368.0,42.0,24.0,129.0,5.0,470.0,218.0,227.0,834.0,112.0,54.0,228.0,84.0,159.0,130.0,67.0,
220,8040,630,515,310,148,458,0.8893203883495145,0.6019417475728155,0.287378640776699,60855020023,31.5,29.3,35.4,619.0,79.0,38.0,270.0,8.0,1051.0,401.0,425.0,1615.0,151.0,60.0,313.0,384.0,110.0,402.0,195.0,90848.0
221,8040,630,515,310,148,458,0.8893203883495145,0.6019417475728155,0.287378640776699,60855020021,36.6,32.1,42.3,241.0,24.0,31.0,98.0,2.0,213.0,143.0,157.0,537.0,0.0,59.0,220.0,81.0,71.0,27.0,79.0,
222,8047,2162,1882,993,624,1617,0.859192348565356,0.5276301806588736,0.33156216790648246,60855021011,33.6,31.9,33.7,587.0,24.0,16.0,403.0,16.0,133.0,176.0,189.0,1206.0,12.0,33.0,63.0,104.0,121.0,628.0,245.0,116813.0
223,8049,59,44,23,11,34,0.7727272727272727,0.5227272727272727,0.25,60855021021,,,,,,,,,,,,,,,,,,,,
224,8049,59,44,23,11,34,0.7727272727272727,0.5227272727272727,0.25,60855021022,,,,,,,,,,,,,,,,,,,,
225,8050,1860,1453,827,473,1300,0.8947006194081212,0.5691672401927047,0.32553337921541636,60855021021,,,,,,,,,,,,,,,,,,,,
226,8053,2999,2540,1393,771,2164,0.8519685039370078,0.5484251968503937,0.3035433070866142,60855022011,,,,,,,,,,,,,,,,,,,,
227,8062,3284,2627,1443,843,2286,0.8701941377997716,0.5492957746478874,0.3208983631518843,60855021024,,,,,,,,,,,,,,,,,,,,
228,8062,3284,2627,1443,843,2286,0.8701941377997716,0.5492957746478874,0.3208983631518843,60855021023,,,,,,,,,,,,,,,,,,,,
229,8068,49,41,27,9,36,0.8780487804878049,0.6585365853658537,0.21951219512195122,60855023022,34.8,36.2,34.2,719.0,52.0,20.0,249.0,8.0,351.0,233.0,257.0,1404.0,88.0,26.0,89.0,567.0,100.0,238.0,296.0,96071.0
230,8104,164,148,84,50,134,0.9054054054054054,0.5675675675675675,0.33783783783783783,60855029021,43.7,49.9,39.4,1515.0,24.0,4.0,427.0,3.0,57.0,278.0,309.0,1704.0,0.0,56.0,272.0,123.0,96.0,550.0,607.0,183203.0
231,8128,10,0,0,0,0,,,,60855021021,,,,,,,,,,,,,,,,,,,,
232,8601,586,502,251,169,420,0.8366533864541833,0.5,0.33665338645418325,60855027011,48.5,48.3,48.8,921.0,45.0,14.0,321.0,0.0,126.0,158.0,176.0,1155.0,9.0,53.0,147.0,243.0,35.0,394.0,274.0,99537.0
233,8601,586,502,251,169,420,0.8366533864541833,0.5,0.33665338645418325,60855026041,35.3,36.3,35.1,656.0,74.0,10.0,290.0,12.0,142.0,170.0,185.0,938.0,0.0,22.0,222.0,48.0,189.0,270.0,187.0,120854.0
234,8603,2632,2347,1194,796,1990,0.847890924584576,0.5087345547507456,0.3391563698338304,60855029014,51.2,52.2,47.2,1004.0,72.0,15.0,399.0,12.0,211.0,224.0,233.0,1076.0,0.0,83.0,189.0,208.0,139.0,321.0,136.0,84565.0
235,8605,3541,3076,1548,1033,2581,0.8390767230169051,0.5032509752925878,0.3358257477243173,60855027011,48.5,48.3,48.8,921.0,45.0,14.0,321.0,0.0,126.0,158.0,176.0,1155.0,9.0,53.0,147.0,243.0,35.0,394.0,274.0,99537.0
236,8605,3541,3076,1548,1033,2581,0.8390767230169051,0.5032509752925878,0.3358257477243173,60855027013,32.3,31.4,36.6,688.0,94.0,28.0,277.0,0.0,358.0,226.0,262.0,1126.0,33.0,26.0,184.0,253.0,110.0,291.0,229.0,124688.0
237,8610,1728,1561,813,535,1348,0.8635490070467648,0.5208199871877002,0.3427290198590647,60855029021,43.7,49.9,39.4,1515.0,24.0,4.0,427.0,3.0,57.0,278.0,309.0,1704.0,0.0,56.0,272.0,123.0,96.0,550.0,607.0,183203.0
238,8619,815,720,407,238,645,0.8958333333333334,0.5652777777777778,0.33055555555555555,60855029023,38.2,38.0,38.3,1413.0,47.0,20.0,719.0,6.0,191.0,368.0,404.0,2549.0,100.0,0.0,524.0,648.0,259.0,696.0,322.0,145804.0
239,8619,815,720,407,238,645,0.8958333333333334,0.5652777777777778,0.33055555555555555,60855029022,40.0,38.4,40.2,1572.0,38.0,34.0,477.0,6.0,148.0,421.0,450.0,1805.0,24.0,16.0,90.0,361.0,63.0,643.0,608.0,153839.0
240,8627,1434,1266,649,430,1079,0.8522906793048973,0.5126382306477093,0.33965244865718797,60855029013,35.3,33.8,43.7,572.0,22.0,7.0,264.0,2.0,94.0,146.0,162.0,369.0,0.0,18.0,14.0,60.0,17.0,141.0,119.0,177216.0
241,8627,1434,1266,649,430,1079,0.8522906793048973,0.5126382306477093,0.33965244865718797,60855029012,40.8,42.3,35.9,865.0,24.0,14.0,456.0,2.0,98.0,218.0,234.0,1088.0,0.0,12.0,124.0,310.0,117.0,361.0,164.0,197893.0
242,8629,2148,1850,909,640,1549,0.8372972972972973,0.49135135135135133,0.34594594594594597,60855029023,38.2,38.0,38.3,1413.0,47.0,20.0,719.0,6.0,191.0,368.0,404.0,2549.0,100.0,0.0,524.0,648.0,259.0,696.0,322.0,145804.0
243,8630,2906,2528,1274,884,2158,0.8536392405063291,0.5039556962025317,0.34968354430379744,60855029023,38.2,38.0,38.3,1413.0,47.0,20.0,719.0,6.0,191.0,368.0,404.0,2549.0,100.0,0.0,524.0,648.0,259.0,696.0,322.0,145804.0
244,8645,3394,3046,1535,1038,2573,0.8447143795141169,0.5039395929087328,0.34077478660538413,60855030034,,,,,,,,,,,,,,,,,,,,
245,8645,3394,3046,1535,1038,2573,0.8447143795141169,0.5039395929087328,0.34077478660538413,60855030033,38.7,33.2,48.1,880.0,22.0,5.0,394.0,4.0,179.0,247.0,263.0,1188.0,12.0,40.0,176.0,366.0,64.0,305.0,225.0,136705.0
246,8650,421,374,167,137,304,0.8128342245989305,0.446524064171123,0.3663101604278075,60855027024,,,,,,,,,,,,,,,,,,,,
247,8653,260,239,106,102,208,0.8702928870292888,0.4435146443514644,0.42677824267782427,60855027025,,,,,,,,,,,,,,,,,,,,
248,8653,260,239,106,102,208,0.8702928870292888,0.4435146443514644,0.42677824267782427,60855068012,53.6,54.0,53.5,996.0,27.0,8.0,427.0,4.0,43.0,197.0,212.0,1086.0,59.0,44.0,72.0,306.0,32.0,234.0,339.0,102353.0
249,8654,311,271,148,82,230,0.8487084870848709,0.5461254612546126,0.3025830258302583,60855027025,,,,,,,,,,,,,,,,,,,,
250,8657,766,655,321,255,576,0.8793893129770992,0.4900763358778626,0.3893129770992366,60855028003,43.9,40.6,47.2,708.0,8.0,15.0,266.0,1.0,58.0,127.0,137.0,773.0,0.0,29.0,168.0,105.0,15.0,286.0,170.0,216250.0
251,8657,766,655,321,255,576,0.8793893129770992,0.4900763358778626,0.3893129770992366,60855028002,42.7,42.3,42.9,773.0,10.0,16.0,621.0,1.0,143.0,165.0,184.0,1493.0,59.0,39.0,262.0,385.0,221.0,184.0,343.0,143942.0
252,8657,766,655,321,255,576,0.8793893129770992,0.4900763358778626,0.3893129770992366,60855028001,44.5,45.0,43.6,829.0,38.0,12.0,278.0,3.0,111.0,197.0,210.0,827.0,26.0,9.0,190.0,159.0,41.0,264.0,138.0,152333.0
253,8658,3874,3374,1633,1251,2884,0.8547717842323651,0.483995257854179,0.37077652637818614,60855029083,38.2,38.0,46.0,957.0,19.0,13.0,462.0,4.0,136.0,212.0,233.0,1344.0,5.0,18.0,217.0,304.0,170.0,384.0,246.0,123333.0
254,8658,3874,3374,1633,1251,2884,0.8547717842323651,0.483995257854179,0.37077652637818614,60855029082,41.2,37.3,42.6,1296.0,66.0,26.0,958.0,6.0,249.0,296.0,316.0,1729.0,18.0,35.0,503.0,398.0,139.0,342.0,294.0,148966.0
255,8670,2848,2203,1137,721,1858,0.8433953699500681,0.5161143894689061,0.32728098048116205,60855029092,47.4,46.3,48.3,554.0,7.0,18.0,142.0,3.0,56.0,151.0,156.0,559.0,2.0,0.0,80.0,123.0,64.0,191.0,99.0,116776.0
256,8675,1559,1328,683,453,1136,0.8554216867469879,0.5143072289156626,0.3411144578313253,60855120271,45.6,36.9,51.1,842.0,81.0,16.0,312.0,3.0,315.0,217.0,233.0,1369.0,23.0,132.0,239.0,360.0,24.0,387.0,204.0,49936.0
257,8675,1559,1328,683,453,1136,0.8554216867469879,0.5143072289156626,0.3411144578313253,60855120242,37.8,36.5,38.1,679.0,91.0,10.0,402.0,5.0,204.0,219.0,242.0,1063.0,19.0,33.0,121.0,184.0,34.0,472.0,200.0,131549.0
258,8680,2189,1981,1022,715,1737,0.8768298838970217,0.5159010600706714,0.36092882382635033,60855068021,38.2,38.1,39.1,938.0,14.0,2.0,372.0,0.0,49.0,166.0,182.0,1083.0,19.0,11.0,66.0,235.0,97.0,351.0,304.0,183750.0
259,8683,3591,3226,1609,1141,2750,0.8524488530688159,0.49876007439553627,0.3536887786732796,60855068022,40.3,42.5,32.7,789.0,10.0,6.0,269.0,0.0,44.0,131.0,141.0,668.0,0.0,21.0,68.0,189.0,53.0,275.0,62.0,167917.0
260,8683,3591,3226,1609,1141,2750,0.8524488530688159,0.49876007439553627,0.3536887786732796,60855068023,42.0,36.3,42.4,513.0,4.0,12.0,214.0,0.0,45.0,104.0,118.0,547.0,46.0,25.0,60.0,76.0,78.0,183.0,79.0,166146.0
261,8683,3591,3226,1609,1141,2750,0.8524488530688159,0.49876007439553627,0.3536887786732796,60855068024,43.7,43.4,44.6,332.0,4.0,4.0,224.0,0.0,35.0,62.0,76.0,380.0,0.0,16.0,27.0,140.0,33.0,112.0,52.0,102083.0
262,8683,3591,3226,1609,1141,2750,0.8524488530688159,0.49876007439553627,0.3536887786732796,60855068025,40.8,40.0,41.8,532.0,9.0,7.0,397.0,2.0,55.0,128.0,134.0,980.0,29.0,25.0,63.0,316.0,85.0,370.0,92.0,152528.0
263,8687,3452,2989,1456,1096,2552,0.853797256607561,0.48711943793911006,0.366677818668451,60855068033,36.8,36.3,39.2,1208.0,93.0,34.0,709.0,6.0,502.0,307.0,328.0,1647.0,26.0,251.0,213.0,380.0,112.0,487.0,178.0,159352.0
264,8687,3452,2989,1456,1096,2552,0.853797256607561,0.48711943793911006,0.366677818668451,60855029062,38.2,38.5,37.6,941.0,37.0,28.0,405.0,10.0,140.0,215.0,229.0,975.0,28.0,18.0,159.0,205.0,83.0,250.0,232.0,113182.0
265,8697,3637,3133,1579,1125,2704,0.8630705394190872,0.5039897861474625,0.35908075327162464,60855068034,34.2,35.0,32.5,581.0,30.0,25.0,322.0,3.0,94.0,113.0,135.0,702.0,0.0,0.0,126.0,163.0,25.0,268.0,120.0,241250.0
266,8697,3637,3133,1579,1125,2704,0.8630705394190872,0.5039897861474625,0.35908075327162464,60855068032,43.5,42.8,44.0,795.0,8.0,4.0,382.0,5.0,32.0,109.0,120.0,1148.0,68.0,16.0,178.0,367.0,56.0,323.0,140.0,179821.0
267,8832,2104,1897,946,650,1596,0.8413284132841329,0.49868212967843967,0.3426462836056932,60855119161,34.9,37.8,33.6,953.0,54.0,17.0,496.0,13.0,252.0,311.0,336.0,1131.0,31.0,29.0,181.0,372.0,91.0,275.0,152.0,99929.0
268,8832,2104,1897,946,650,1596,0.8413284132841329,0.49868212967843967,0.3426462836056932,60855119162,44.2,42.7,46.4,1305.0,19.0,12.0,1026.0,3.0,88.0,246.0,262.0,1725.0,0.0,28.0,164.0,218.0,164.0,611.0,540.0,183281.0
269,8834,1266,1012,517,324,841,0.8310276679841897,0.5108695652173914,0.3201581027667984,60855119151,40.4,37.2,41.0,622.0,32.0,28.0,390.0,6.0,60.0,159.0,181.0,825.0,0.0,34.0,65.0,186.0,17.0,305.0,218.0,146944.0
270,8834,1266,1012,517,324,841,0.8310276679841897,0.5108695652173914,0.3201581027667984,60855119152,25.2,22.5,30.3,241.0,79.0,61.0,100.0,3.0,639.0,173.0,186.0,535.0,15.0,13.0,145.0,215.0,62.0,11.0,74.0,88125.0
271,8838,300,258,128,91,219,0.8488372093023255,0.49612403100775193,0.35271317829457366,60855120521,45.8,46.0,45.1,486.0,34.0,4.0,137.0,4.0,80.0,122.0,143.0,603.0,8.0,25.0,45.0,152.0,21.0,187.0,165.0,93043.0
272,8857,1646,1517,729,564,1293,0.8523401450230719,0.48055372445616346,0.37178642056690836,60855119132,43.6,41.5,44.5,897.0,15.0,12.0,346.0,0.0,39.0,153.0,170.0,981.0,8.0,78.0,63.0,68.0,67.0,348.0,349.0,215694.0
273,8858,2376,2167,1111,739,1850,0.8537148131056761,0.5126903553299492,0.3410244577757268,60855119132,43.6,41.5,44.5,897.0,15.0,12.0,346.0,0.0,39.0,153.0,170.0,981.0,8.0,78.0,63.0,68.0,67.0,348.0,349.0,215694.0
274,8862,2560,2262,1074,820,1894,0.8373121131741822,0.47480106100795755,0.3625110521662246,60855119111,41.4,41.3,41.5,1185.0,180.0,16.0,514.0,1.0,77.0,178.0,189.0,1488.0,0.0,21.0,289.0,232.0,77.0,609.0,260.0,104565.0
275,8862,2560,2262,1074,820,1894,0.8373121131741822,0.47480106100795755,0.3625110521662246,60855119071,41.9,46.3,39.6,599.0,9.0,2.0,726.0,0.0,48.0,156.0,165.0,1002.0,20.0,48.0,118.0,182.0,47.0,380.0,207.0,191818.0
276,8879,3228,2921,1388,1080,2468,0.8449161246148579,0.4751797329681616,0.36973639164669636,60855119131,54.0,54.7,53.1,775.0,8.0,7.0,338.0,1.0,25.0,133.0,138.0,1040.0,0.0,18.0,55.0,208.0,58.0,478.0,223.0,128984.0
277,8879,3228,2921,1388,1080,2468,0.8449161246148579,0.4751797329681616,0.36973639164669636,60855119133,43.3,42.8,43.8,927.0,7.0,2.0,398.0,2.0,40.0,175.0,189.0,811.0,0.0,25.0,49.0,93.0,38.0,387.0,219.0,250000.0
278,8883,3404,3104,1392,1216,2608,0.8402061855670103,0.4484536082474227,0.3917525773195876,60855119143,46.1,44.5,47.3,879.0,25.0,3.0,527.0,2.0,76.0,180.0,201.0,659.0,7.0,33.0,21.0,133.0,46.0,248.0,171.0,205000.0
279,8885,3137,2858,1232,1171,2403,0.8407977606717985,0.4310706787963611,0.4097270818754374,60855119072,43.2,40.3,43.6,1024.0,30.0,8.0,1177.0,1.0,48.0,178.0,196.0,1553.0,11.0,49.0,78.0,203.0,175.0,556.0,481.0,215735.0
280,8885,3137,2858,1232,1171,2403,0.8407977606717985,0.4310706787963611,0.4097270818754374,60855119113,55.4,56.6,49.9,992.0,15.0,3.0,553.0,1.0,20.0,171.0,186.0,1469.0,19.0,6.0,190.0,203.0,71.0,598.0,382.0,202349.0
281,8886,357,330,147,142,289,0.8757575757575757,0.44545454545454544,0.4303030303030303,60855119091,,,,,,,,,,,,,,,,,,,,
282,8889,2680,2458,1080,991,2071,0.8425549227013832,0.43938161106590723,0.403173311635476,60855119091,,,,,,,,,,,,,,,,,,,,
283,8889,2680,2458,1080,991,2071,0.8425549227013832,0.43938161106590723,0.403173311635476,60855119101,52.6,48.0,53.7,641.0,1.0,0.0,293.0,3.0,20.0,105.0,111.0,934.0,0.0,29.0,116.0,83.0,53.0,428.0,225.0,158333.0
284,8898,2737,2497,1181,977,2158,0.8642370845014017,0.47296756107328797,0.3912695234281137,60855119113,55.4,56.6,49.9,992.0,15.0,3.0,553.0,1.0,20.0,171.0,186.0,1469.0,19.0,6.0,190.0,203.0,71.0,598.0,382.0,202349.0
285,8903,3460,3108,1418,1245,2663,0.8568211068211068,0.45624195624195624,0.40057915057915056,60855119091,,,,,,,,,,,,,,,,,,,,
